{
  "version": 1,
  "calibration": {
    "stage_to_pixel": [
      [
        972.0459418659414,
        57.09313031416879
      ],
      [
        1.5624849761059956,
        -975.8117441170092
      ]
    ],
    "pixel_to_stage": [
      [
        0.0010286612168838858,
        6.0185265507155955e-05
      ],
      [
        1.6471083757434832e-06,
        -0.0010246914606788784
      ]
    ],
    "pixel_size_x_um": 1.028662535570844,
    "pixel_size_y_um": 1.0264574300828946,
    "mean_pixel_size_um": 1.0275599828268693,
    "rotation_deg": 0.09209823705247933,
    "shear_deg": -3.25636563725719,
    "residual_px": 0.0,
    "n_points": 2,
    "image_width": 1024,
    "image_height": 1024,
    "timestamp": "2026-06-26T15:40:40.134533",
    "moves": [
      {
        "dx_mm": 0.16640160000000037,
        "dy_mm": 0.0,
        "shift_x_px": 161.75,
        "shift_y_px": 0.26,
        "quality": 0.36550954389374435,
        "axis": "x"
      },
      {
        "dx_mm": 0.0,
        "dy_mm": 0.16639479999999907,
        "shift_x_px": 9.5,
        "shift_y_px": -162.37,
        "quality": 0.4403946899157052,
        "axis": "y"
      }
    ],
    "magnification_at_capture": null,
    "min_quality": 0.36550954389374435,
    "optics_signature": "5.000|6.500"
  }
}