{
  "Initial sample position": {
    "name": "Initial sample position",
    "x": 6.5659998,
    "y": 11.807,
    "z": 18.1740028,
    "r": -87.848,
    "description": ""
  },
  "Stem tip": {
    "name": "Stem tip",
    "x": 7.9699843,
    "y": 11.1249894,
    "z": 19.7730152,
    "r": 67.998,
    "description": ""
  },
  "OT side": {
    "name": "OT side",
    "x": 9.4720207,
    "y": 13.4870088,
    "z": 20.4209954,
    "r": 67.998,
    "description": ""
  },
  "TE middle": {
    "name": "TE middle",
    "x": 8.9709895,
    "y": 14.557002,
    "z": 20.5199891,
    "r": 67.998,
    "description": ""
  }
}